{"cameraMode":{"drawMode":0,"name":"Shaded","section":"Shading Mode"},"sceneLighting":true,"audioPlay":false,"sceneViewState":{"m_AlwaysRefresh":false,"showFog":true,"showSkybox":true,"showFlares":true,"showImageEffects":true,"showParticleSystems":true,"showVisualEffectGraphs":true,"m_FxEnabled":true},"in2DMode":false,"pivot":{"x":72.7286376953125,"y":29.855804443359376,"z":-488.05133056640627},"rotation":{"x":0.19405508041381837,"y":-0.14188072085380555,"z":0.02837689034640789,"w":0.9702630639076233},"size":74.03486633300781,"orthographic":true}